{
  "thresholds": {
    "occ_p80": 1.2196835,
    "occ_p90": 1.277449425,
    "ind_p80": 0.9475425749999999,
    "ind_p90": 1.3283719699999998
  },
  "coverage_tru2": {
    "occ": 0.9183896392364413,
    "ind": 0.9489883855451481
  },
  "unknown_region_share_tru2": {
    "kanton": 0.060835489601052714,
    "nuts": 0.060835489601052714
  },
  "scatter_label_strategy": "labels = top 10 by demand + top 10 by mean exposure + top 10 by exposed demand (+ optional lowest exposure); deduplicated"
}