indu_label,demand_total_tru2,postings_total_tru1,n_ads,mean_ind_exp_tru2,exposed_demand_p80,high_share_p80
Unknown,1638146.8474,1517286.7257,59794,0.2154318478706641,323919.06190000003,0.19773505801028227
