measure,p80,p90,coverage_tru2,share_top10_tru2,share_top20_tru2,share_top50_tru2,share_bottom10_tru2,share_top10_tru1,share_top20_tru1,share_top50_tru1,share_bottom10_tru1
occupation,1.2383682999999999,1.284863,0.9183896392364413,0.08349511883936858,0.17846359431329695,0.43426621607769295,0.11561749625841267,0.0861368875679738,0.183060296314039,0.4501897209209863,0.1093388327268617
industry,0.9475425749999999,1.186285442857143,0.9489883855451481,0.13809095567899574,0.19773505801028224,0.5591019231601031,0.10411911903423658,0.1426132547229468,0.20369703884241927,0.5656990473596945,0.0995511677137452
