indu_label,demand_total_tru2,mean_ind_exp,mean_occ_exp,share_high_occ_p80,coverage
Unknown,1638146.8474,0.2154318478706641,0.29395403059363767,0.17846359431329695,0.9155266414690437
