ai_requirement,count,post_w,dem_w,post_share,dem_share
False,56352,1430544.8486,1547357.0835,0.9428309260005016,0.9445777623391346
Maybe,2961,76504.5812,79560.5791,0.0504219669915748,0.04856742802165466
True,426,8804.8578,9719.1328,0.0058030282944299015,0.005933004611537611
