column,unknown_count,unknown_pct,unknown_tru2_share,clean_used
loca_regi_kant,3380,5.652741077700104,0.060835489601052714,True
loca_regi_nuts,3380,5.652741077700104,0.060835489601052714,True
