measure,p80,p90
occupation,1.2383682999999999,1.284863
industry,-0.11150409999999998,0.02903156181818183
